<?xml version='1.0' standalone='yes'?>
<extensions>
  <icon>plugins/CPlus/html/images/cplus.png</icon>
  <targetApplication>
    <maxVersion>8.*</maxVersion>
    <id>SlimServer</id>
    <minVersion>8.0</minVersion>
  </targetApplication>
  <optionsURL>plugins/CPlus/settings/basic.html</optionsURL>
  <creator>Philippe</creator>
  <version>0.20.6</version>
  <name>PLUGIN_CPLUS</name>
  <description>PLUGIN_CPLUS_DESC</description>
  <email>philippe_44@outlook.com</email>
  <defaultState>enabled</defaultState>
  <module>Plugins::CPlus::Plugin</module>
</extensions>
