<?xml version='1.0' standalone='yes'?>
<extensions>
  <icon>plugins/CPlus/html/images/cplus.png</icon>
  <targetApplication>
    <maxVersion>8.*</maxVersion>
    <id>SlimServer</id>
    <minVersion>7.7</minVersion>
  </targetApplication>
  <optionsURL>plugins/CPlus/settings/basic.html</optionsURL>
  <defaultState>enabled</defaultState>
  <version>0.6.0</version>
  <name>PLUGIN_CPLUS</name>
  <description>PLUGIN_CPLUS_DESC</description>
  <module>Plugins::CPlus::Plugin</module>
</extensions>
